id,name,category_name,error_reason
"122","Bundle","","CATEGORY_NULL"
"155","3 Nora Roberts Books","","CATEGORY_NULL"
"258","ACER Laptop","","CATEGORY_NULL"
"984","AUTHENTIC BRWN MICHAEL KORS MAKEUP STAIN","","CATEGORY_NULL"
"1185","Teenage Mutant Ninja Turtle Van/ Extras","","CATEGORY_NULL"
"1274","Black Ribbed Off-the-Shoulder Crop Top","","CATEGORY_NULL"
"1320","Nice Condition Pet Escort","","CATEGORY_NULL"
"1419","3 Toy Bundle","","CATEGORY_NULL"
"1491","Baby Sign","","CATEGORY_NULL"
"1521","Nolan Ryan Patch Baseball Card","","CATEGORY_NULL"
"1739","SchoolWear Uniform Pants Bugle Boy","","CATEGORY_NULL"
"2076","iPhone 5s","","CATEGORY_NULL"
"2195","Raw Adjustable Rolling Machine","","CATEGORY_NULL"
"2299","Reserved For Karen Panetta","","CATEGORY_NULL"
"2620","***Deal of the Day*** Mini-Hikari NIB","","CATEGORY_NULL"
"2782","Jessica Simpson Lace Maternity Dress","","CATEGORY_NULL"
"2838","NWT Toddler/Girls Vs Pink Outfit","","CATEGORY_NULL"
"3128","14pc Smell Good Bundle","","CATEGORY_NULL"
"3851","Vintage Native America jewelry bundle","","CATEGORY_NULL"
"3916","Reserved Bundle","","CATEGORY_NULL"
"4194","Space Place Minibe And Rosy Posy","","CATEGORY_NULL"
"4209","custom woodslice for sam","","CATEGORY_NULL"
"4862","Bundle of 3 Swaddlers","","CATEGORY_NULL"
"5146","Twenty One Pilots Blurry face CD","","CATEGORY_NULL"
"5163","Vlampo Birthday Cake Squishy","","CATEGORY_NULL"
"5343","Women's size 12","","CATEGORY_NULL"
"5627","Hard Rock Black Bon Jovi Shirt","","CATEGORY_NULL"
"6147","Women's Nike Workout Tank","","CATEGORY_NULL"
"6348","Pineapple Decal GLITTER","","CATEGORY_NULL"
"6886","4 Philips Agent Natural Bottles","","CATEGORY_NULL"
"7180","J.Crew stripes dress","","CATEGORY_NULL"
"7463","American Apparel dog baseball Tees","","CATEGORY_NULL"
"7531","Jimmy Choo Pink Exotic Perfume and MK","","CATEGORY_NULL"
"8039","Death of the family, Batman hush + more","","CATEGORY_NULL"
"8184","Bundle For Julie A","","CATEGORY_NULL"
"8435","LuLaRoe Randy* Medium","","CATEGORY_NULL"
"8542","Long. Maxi dress with slits","","CATEGORY_NULL"
"8599","Charizard holo from evolutions","","CATEGORY_NULL"
"8761","Watch Dogs 2 Xbox One","","CATEGORY_NULL"
"9072","Summer/Spring Floral Romper","","CATEGORY_NULL"
"9275","For melea!","","CATEGORY_NULL"
"9305","Custom Order","","CATEGORY_NULL"
"9401","Dungeons & Dragons Book","","CATEGORY_NULL"
"9412","Blue Volleyball Knee-pads","","CATEGORY_NULL"
"9585","Bundle!!","","CATEGORY_NULL"
"9828","Romper","","CATEGORY_NULL"
"9830","Bundle For Cara","","CATEGORY_NULL"
